,Admissions,FCE 0-14,FCE 15-59,FCE 60-74,FCE 75+,Beddays,Daycase,Emergency,Female,Finished Consultant Episodes,Inpatient,LHB Provider,Male,Mean Age,Mean Length of Stay,Mean Waiting Time,Period,Waiting List,Year,Population 0-14,Population 15-59,Population 60-74,Population 75+,Population Total,Region
0,95884.0,10516.0,49696.0,21161.0,21997.0,607789.0,17173.0,50066.0,59093.0,103372.0,86199.0,Aneurin Bevan University Local Health Board,44220.0,49.0,12.3,117.0,0,26520.0,1999/2000,112719.0,320893.0,77070.0,31418.0,542100.0,South Wales
19,169471.0,21847.0,103902.0,51791.0,64015.0,606197.0,45976.0,89068.0,138954.0,241555.0,195579.0,Aneurin Bevan University Local Health Board,102598.0,53.2,5.6,76.5,19,56020.0,2018/2019,103905.0,334764.0,100114.0,52442.0,591225.0,South Wales
18,162729.0,19717.0,101136.0,49568.0,61915.0,597446.0,44880.0,84298.0,135516.0,232337.0,187457.0,Aneurin Bevan University Local Health Board,96819.0,53.4,5.0,77.4,18,54974.0,2017/2018,103105.0,334140.0,99187.0,51311.0,587743.0,South Wales
17,153396.0,19658.0,92237.0,46074.0,57056.0,622459.0,41915.0,79404.0,125266.0,215026.0,173111.0,Aneurin Bevan University Local Health Board,89759.0,53.039981000000004,5.510572045,80.35070872,17,52280.0,2016/2017,102085.0,334291.0,98257.0,50198.0,584831.0,South Wales
16,150077.0,19461.0,91291.0,45165.0,54712.0,615146.0,41393.0,76648.0,123260.0,210631.0,169238.0,Aneurin Bevan University Local Health Board,87371.0,52.7,5.6,85.1,16,51757.0,2015/2016,101538.0,334107.0,97175.0,49425.0,582245.0,South Wales
15,141437.0,18794.0,84117.0,41967.0,50977.0,630001.0,39269.0,74348.0,113993.0,195855.0,156586.0,Aneurin Bevan University Local Health Board,81860.0,52.6,6.0,89.5,15,49367.0,2014/2015,101337.0,334121.0,96535.0,48801.0,580794.0,South Wales
13,134469.0,16410.0,81357.0,39689.0,48926.0,614534.0,38055.0,68382.0,108202.0,186382.0,148327.0,Aneurin Bevan University Local Health Board,78178.0,52.9,6.3,96.5,13,48525.0,2012/2013,101871.0,334789.0,94160.0,47358.0,578178.0,South Wales
12,92552.0,8639.0,39026.0,26643.0,29973.0,427695.0,32170.0,44539.0,57096.0,104281.0,68176.0,Aneurin Bevan University Local Health Board,47185.0,56.0,8.0,85.0,12,41979.0,2011/2012,102779.0,334620.0,93000.0,46678.0,577077.0,South Wales
11,91981.0,8471.0,38536.0,26471.0,28972.0,447084.0,32204.0,43876.0,55802.0,102450.0,66342.0,Aneurin Bevan University Local Health Board,46642.0,56.0,8.7,86.0,11,41660.0,2010/2011,102721.0,334311.0,91796.0,45950.0,574778.0,South Wales
10,87170.0,7151.0,37840.0,25495.0,26234.0,409669.0,32890.0,36690.0,53310.0,96720.0,59821.0,Aneurin Bevan University Local Health Board,43407.0,56.0,8.5,82.1,10,42315.0,2009/2010,102973.0,334249.0,90085.0,45211.0,572518.0,South Wales
14,137795.0,18029.0,82860.0,41457.0,49817.0,622213.0,40213.0,69731.0,110332.0,192163.0,151950.0,Aneurin Bevan University Local Health Board,81831.0,52.8,6.4,94.5,14,50743.0,2013/2014,101516.0,334665.0,95255.0,47910.0,579346.0,South Wales
8,121380.0,10442.0,60653.0,30035.0,34413.0,668664.0,32983.0,62914.0,77427.0,135543.0,102560.0,Aneurin Bevan University Local Health Board,58105.0,53.0,7.6,80.8,8,47934.0,2007/2008,103975.0,332502.0,85652.0,44485.0,566614.0,South Wales
9,127386.0,11157.0,65115.0,32209.0,36532.0,658082.0,37217.0,64489.0,82320.0,145016.0,107799.0,Aneurin Bevan University Local Health Board,62672.0,53.0,7.699999999999999,70.4,9,49144.0,2008/2009,103561.0,333573.0,88125.0,44767.0,570026.0,South Wales
2,100680.0,9684.0,51678.0,23285.0,27126.0,662437.0,16959.0,55212.0,64360.0,111775.0,84841.0,Aneurin Bevan University Local Health Board,47387.0,52.0,20.4,131.0,2,25237.0,2001/2002,110857.0,323356.0,76834.0,42037.0,553084.0,South Wales
3,101447.0,9572.0,51570.0,23478.0,28529.0,710010.0,15981.0,58330.0,64498.0,113149.0,87346.0,Aneurin Bevan University Local Health Board,48627.0,52.0,10.199999999999998,154.0,3,23942.0,2002/2003,109675.0,325352.0,77393.0,42652.0,555072.0,South Wales
4,103300.0,9923.0,53225.0,23927.0,30485.0,801352.0,15849.0,59229.0,67494.0,117560.0,91101.0,Aneurin Bevan University Local Health Board,50056.0,52.0,9.9,175.0,4,24867.0,2003/2004,108368.0,326976.0,78848.0,42844.0,557036.0,South Wales
1,99788.0,9873.0,52443.0,22888.0,24284.0,732910.0,17936.0,52134.0,62824.0,109496.0,91560.0,Aneurin Bevan University Local Health Board,46550.0,50.0,18.3,132.0,1,28352.0,2000/2001,111831.0,322173.0,76956.0,31803.0,542763.0,South Wales
6,106104.0,10500.0,53504.0,24819.0,31163.0,670110.0,18799.0,63187.0,68614.0,119987.0,92343.0,Aneurin Bevan University Local Health Board,51369.0,53.0,9.2,149.0,6,25277.0,2005/2006,106159.0,329520.0,81626.0,43532.0,560837.0,South Wales
7,109483.0,10484.0,54961.0,26306.0,33309.0,666376.0,20581.0,64199.0,71259.0,125060.0,104478.0,Aneurin Bevan University Local Health Board,53800.0,53.0,7.6,95.5,7,29694.0,2006/2007,104982.0,331890.0,82794.0,44152.0,563818.0,South Wales
5,101838.0,9421.0,52610.0,24562.0,30077.0,716497.0,15846.0,59760.0,67123.0,116671.0,90854.0,Aneurin Bevan University Local Health Board,49548.0,53.0,9.3,179.0,5,23514.0,2004/2005,107345.0,328513.0,80290.0,43116.0,559264.0,South Wales
31,148012.0,18480.0,73601.0,39593.0,41589.0,920175.0,45322.0,65764.0,95219.0,173266.0,127944.0,Betsi Cadwaladr University Local Health Board,78047.0,52.0,8.4,47.0,11,53236.0,2010/2011,114619.0,384888.0,122686.0,63718.0,685911.0,Rest of Wales
39,166324.0,16604.0,70835.0,46408.0,57879.0,697967.0,53004.0,86863.0,106229.0,191726.0,126893.0,Betsi Cadwaladr University Local Health Board,85492.0,56.2,6.8,264.5,19,59695.0,2018/2019,117019.0,376297.0,132534.0,72519.0,698369.0,Rest of Wales
38,159028.0,15639.0,68663.0,44515.0,55247.0,703952.0,49388.0,83537.0,102861.0,184064.0,122667.0,Betsi Cadwaladr University Local Health Board,81202.0,56.2,7.2,111.5,18,57736.0,2017/2018,116428.0,377413.0,131630.0,70813.0,696284.0,Rest of Wales
37,163577.0,15702.0,70488.0,46748.0,56065.0,706518.0,54951.0,80336.0,105326.0,189005.0,122686.0,Betsi Cadwaladr University Local Health Board,83676.0,56.284888,7.155247561,95.34694747,17,63342.0,2016/2017,116036.0,378737.0,130492.0,69561.0,694826.0,Rest of Wales
36,159008.0,15297.0,69423.0,46103.0,55660.0,686799.0,50648.0,78036.0,103910.0,186484.0,128026.0,Betsi Cadwaladr University Local Health Board,82568.0,56.4,7.1,96.7,16,59059.0,2015/2016,115907.0,379661.0,129202.0,68590.0,693360.0,Rest of Wales
35,157479.0,14522.0,68590.0,45406.0,55493.0,692679.0,49987.0,77543.0,101633.0,184014.0,128853.0,Betsi Cadwaladr University Local Health Board,82378.0,56.7,6.8,98.2,15,58277.0,2014/2015,115868.0,380804.0,128288.0,68107.0,693067.0,Rest of Wales
33,152058.0,14387.0,69721.0,43699.0,54341.0,717972.0,47645.0,70646.0,101578.0,182149.0,129250.0,Betsi Cadwaladr University Local Health Board,80567.0,56.1,7.3,84.3,13,58131.0,2012/2013,115366.0,382949.0,125796.0,65813.0,689924.0,Rest of Wales
32,156789.0,18102.0,82790.0,44713.0,49004.0,792258.0,46480.0,69858.0,108271.0,194615.0,148135.0,Betsi Cadwaladr University Local Health Board,86338.0,53.0,7.0,87.0,12,60876.0,2011/2012,115213.0,384028.0,124447.0,64729.0,688417.0,Rest of Wales
30,153578.0,17736.0,74815.0,38941.0,40763.0,805254.0,47198.0,67280.0,94526.0,172254.0,124950.0,Betsi Cadwaladr University Local Health Board,77729.0,52.0,7.9,64.5,10,57902.0,2009/2010,114722.0,386108.0,120720.0,63025.0,684575.0,Rest of Wales
34,156584.0,14034.0,71701.0,46485.0,56006.0,681154.0,49336.0,76331.0,104544.0,188229.0,133680.0,Betsi Cadwaladr University Local Health Board,83683.0,56.4,6.7,93.0,14,56677.0,2013/2014,115520.0,382027.0,126935.0,66698.0,691180.0,Rest of Wales
28,148922.0,14445.0,71284.0,43744.0,52266.0,786951.0,40728.0,72419.0,100232.0,181740.0,136186.0,Betsi Cadwaladr University Local Health Board,81495.0,55.428700341146694,7.948898426323318,85.00390833058215,8,55691.0,2007/2008,115392.0,387964.0,114311.0,61818.0,679485.0,Rest of Wales
21,143824.0,13582.0,69275.0,35350.0,41608.0,826241.0,33723.0,71835.0,92160.0,159841.0,124837.0,Betsi Cadwaladr University Local Health Board,67644.0,53.37072465762852,7.963133363780257,124.07186516600872,1,31315.0,2000/2001,121851.0,381499.0,99625.0,42692.0,645667.0,Rest of Wales
22,146530.0,14199.0,71239.0,37201.0,43477.0,859358.0,35071.0,72984.0,94514.0,166138.0,129780.0,Betsi Cadwaladr University Local Health Board,71572.0,53.35406710084388,7.778748991801996,103.36981304698503,2,30597.0,2001/2002,121791.0,383368.0,100535.0,58869.0,664563.0,Rest of Wales
23,134296.0,13742.0,65894.0,35216.0,43162.0,896667.0,24983.0,72734.0,88553.0,158034.0,132925.0,Betsi Cadwaladr University Local Health Board,69395.0,54.022963412936456,8.009254970449398,100.44957414227318,3,27909.0,2002/2003,120880.0,384811.0,101785.0,59391.0,666867.0,Rest of Wales
24,134650.0,15951.0,65111.0,34719.0,44468.0,1104554.0,24297.0,73446.0,89912.0,160260.0,135954.0,Betsi Cadwaladr University Local Health Board,70336.0,53.43388244103332,8.092235741919382,114.25682016722826,4,28487.0,2003/2004,119832.0,385818.0,103871.0,59851.0,669372.0,Rest of Wales
20,143069.0,14149.0,68176.0,34177.0,40783.0,802211.0,28367.0,72905.0,91142.0,157310.0,127808.0,Betsi Cadwaladr University Local Health Board,65995.0,52.755870574025806,7.648349119572818,103.57117792893014,0,25806.0,1999/2000,122375.0,378770.0,98798.0,42548.0,642491.0,Rest of Wales
25,129657.0,15248.0,63819.0,34744.0,46175.0,854142.0,22950.0,71511.0,88477.0,159997.0,137039.0,Betsi Cadwaladr University Local Health Board,71512.0,54.13675256411058,8.027900523134809,113.57578579598368,5,28798.0,2004/2005,118774.0,387235.0,106101.0,60332.0,672442.0,Rest of Wales
26,128968.0,14830.0,65094.0,36588.0,48296.0,1030579.0,23267.0,71186.0,90839.0,164809.0,141538.0,Betsi Cadwaladr University Local Health Board,73954.0,54.83368626713347,9.041071786128185,105.69511980535043,6,28293.0,2005/2006,117412.0,387090.0,108075.0,60650.0,673227.0,Rest of Wales
27,130560.0,14587.0,64016.0,36808.0,47021.0,778089.0,25931.0,71260.0,89714.0,162433.0,136498.0,Betsi Cadwaladr University Local Health Board,72710.0,54.81900845271589,8.282046135945283,98.31581267353309,7,31674.0,2006/2007,116155.0,388416.0,110059.0,61251.0,675881.0,Rest of Wales
29,156762.0,14482.0,72665.0,44951.0,53488.0,790313.0,43859.0,75745.0,103157.0,185586.0,136462.0,Betsi Cadwaladr University Local Health Board,82424.0,55.32945911868352,8.125972325498692,75.34573082021274,9,59427.0,2008/2009,115014.0,387069.0,118053.0,62508.0,682644.0,Rest of Wales
50,134041.0,21271.0,72600.0,29632.0,30519.0,700101.0,42774.0,51160.0,87617.0,154080.0,111306.0,Cardiff and Vale University Local Health Board,66462.0,47.0,7.6,58.6,10,54505.0,2009/2010,79857.0,292845.0,58058.0,33058.0,463818.0,South Wales
58,127696.0,20033.0,63201.0,27866.0,26180.0,637991.0,43221.0,49088.0,77446.0,137318.0,94097.0,Cardiff and Vale University Local Health Board,59863.0,47.4,7.8,90.3,18,51797.0,2017/2018,86120.0,304344.0,67396.0,35586.0,493446.0,South Wales
57,129638.0,21589.0,63944.0,27842.0,26189.0,620729.0,44148.0,49747.0,78434.0,139611.0,95463.0,Cardiff and Vale University Local Health Board,61171.0,46.75756,7.294692492,92.99477196,17,53069.0,2016/2017,85273.0,303472.0,66015.0,35299.0,490059.0,South Wales
56,126662.0,19722.0,64447.0,27608.0,26094.0,624424.0,41648.0,49843.0,77160.0,137913.0,96265.0,Cardiff and Vale University Local Health Board,60750.0,47.2,7.5,94.0,16,51962.0,2015/2016,84371.0,301188.0,64769.0,35148.0,485476.0,South Wales
55,121839.0,18580.0,62876.0,27306.0,27148.0,650313.0,39958.0,48172.0,76002.0,135967.0,96009.0,Cardiff and Vale University Local Health Board,59959.0,48.0,7.9,91.9,15,51637.0,2014/2015,83662.0,300589.0,63579.0,35008.0,482838.0,South Wales
54,124951.0,18061.0,65191.0,28610.0,27951.0,680919.0,39567.0,50281.0,77658.0,139876.0,100309.0,Cardiff and Vale University Local Health Board,62218.0,48.4,8.0,97.8,14,52702.0,2013/2014,82917.0,299742.0,62448.0,34475.0,479582.0,South Wales
53,127238.0,19282.0,66213.0,28190.0,27538.0,720746.0,40221.0,51610.0,79316.0,141271.0,101050.0,Cardiff and Vale University Local Health Board,61952.0,47.5,8.3,87.3,13,52470.0,2012/2013,82251.0,297982.0,61322.0,34167.0,475722.0,South Wales
52,127835.0,18066.0,68394.0,27243.0,26596.0,693496.0,38964.0,51418.0,79648.0,140323.0,101359.0,Cardiff and Vale University Local Health Board,60669.0,47.0,7.0,84.0,12,52337.0,2011/2012,81207.0,296950.0,60296.0,33668.0,472121.0,South Wales
51,128330.0,21747.0,70937.0,28851.0,29545.0,688197.0,38883.0,50772.0,85731.0,151127.0,112244.0,Cardiff and Vale University Local Health Board,65393.0,47.0,7.4,73.7,11,49995.0,2010/2011,80640.0,294627.0,59232.0,33338.0,467837.0,South Wales
59,130234.0,18867.0,64803.0,29458.0,27366.0,621343.0,46483.0,50347.0,77327.0,140525.0,94042.0,Cardiff and Vale University Local Health Board,63189.0,48.4,7.5,90.3,19,54351.0,2018/2019,86866.0,305170.0,68476.0,35901.0,496413.0,South Wales
49,137301.0,19691.0,72583.0,30556.0,30535.0,711923.0,46010.0,51719.0,86147.0,153406.0,107396.0,Cardiff and Vale University Local Health Board,67255.0,48.0,7.5,72.4,9,58359.0,2008/2009,79371.0,289416.0,56887.0,32829.0,458503.0,South Wales
47,143879.0,26547.0,73285.0,29751.0,32215.0,918512.0,26099.0,71062.0,91603.0,161799.0,135700.0,Cardiff and Vale University Local Health Board,70194.0,45.99649565201268,7.775788478297147,101.4087608699683,7,28199.0,2006/2007,78994.0,282632.0,53314.0,32468.0,447408.0,South Wales
46,139336.0,25393.0,70938.0,28232.0,30550.0,846815.0,24630.0,70669.0,87095.0,155113.0,130481.0,Cardiff and Vale University Local Health Board,68009.0,45.73125398902735,7.402499468129686,167.0811795271834,6,27123.0,2005/2006,79227.0,279567.0,52946.0,32138.0,443878.0,South Wales
45,134601.0,23778.0,68675.0,27149.0,30818.0,882401.0,22179.0,67865.0,85390.0,150422.0,128243.0,Cardiff and Vale University Local Health Board,65029.0,46.489928334951,7.828525082767148,248.54386991264576,5,25952.0,2004/2005,79673.0,275161.0,52391.0,31975.0,439200.0,South Wales
44,133608.0,23971.0,66272.0,26306.0,28958.0,854891.0,20777.0,68618.0,82221.0,145515.0,124738.0,Cardiff and Vale University Local Health Board,63294.0,46.01968869188743,7.525492217297185,252.95856097309556,4,23032.0,2003/2004,80539.0,269675.0,52128.0,31884.0,434226.0,South Wales
43,125480.0,22174.0,60782.0,23539.0,25065.0,767861.0,18938.0,66852.0,73635.0,131584.0,112646.0,Cardiff and Vale University Local Health Board,57948.0,45.01124756809339,7.37809308122568,194.94912755350194,3,25625.0,2002/2003,81846.0,266500.0,51891.0,32063.0,432300.0,South Wales
42,128673.0,23339.0,63706.0,25445.0,26652.0,869383.0,21350.0,67042.0,78150.0,139173.0,117823.0,Cardiff and Vale University Local Health Board,61016.0,45.09558606913697,8.098713830987332,143.85296717035632,2,24269.0,2001/2002,83324.0,262171.0,51954.0,31916.0,429365.0,South Wales
41,134609.0,24001.0,68811.0,26544.0,27731.0,879797.0,22022.0,68286.0,82356.0,147122.0,125100.0,Cardiff and Vale University Local Health Board,64763.0,45.06216609344626,7.767229238319218,140.97158820570684,1,29302.0,2000/2001,84522.0,261803.0,52764.0,23963.0,423052.0,South Wales
40,131201.0,20852.0,67781.0,27628.0,27556.0,854575.0,21713.0,66810.0,80378.0,143852.0,122139.0,Cardiff and Vale University Local Health Board,63469.0,46.55076050385118,7.842005672496732,122.33250841142285,0,28445.0,1999/2000,85509.0,258296.0,53378.0,23492.0,420675.0,South Wales
48,163548.0,23182.0,86183.0,36510.0,37328.0,925377.0,48465.0,71089.0,102609.0,183203.0,134729.0,Cardiff and Vale University Local Health Board,80593.0,48.231104294143655,7.976453988198885,86.36395091783432,8,65063.0,2007/2008,79118.0,285957.0,55138.0,32715.0,452928.0,South Wales
72,84271.0,10723.0,44684.0,23891.0,26373.0,421240.0,19994.0,44887.0,59071.0,105671.0,85677.0,Cwm Taf LHB,46598.0,52.0,7.0,109.0,12,29412.0,2011/2012,75490.0,253588.0,69691.0,33865.0,432634.0,South Wales
73,78230.0,11130.0,39947.0,22985.0,26834.0,428283.0,20048.0,40836.0,55691.0,100896.0,80848.0,Cwm Taf LHB,45202.0,52.9,7.4,94.6,13,28144.0,2012/2013,75326.0,254036.0,70584.0,34342.0,434288.0,South Wales
74,77654.0,11399.0,38157.0,22001.0,25770.0,422293.0,19032.0,41935.0,53247.0,97327.0,78295.0,Cwm Taf LHB,44080.0,52.6,7.2,97.7,14,26982.0,2013/2014,75577.0,253983.0,71250.0,34900.0,435710.0,South Wales
71,79602.0,10394.0,40413.0,20489.0,23224.0,452922.0,18960.0,43343.0,54222.0,94521.0,75561.0,Cwm Taf LHB,40299.0,51.0,7.6,81.6,11,27930.0,2010/2011,75341.0,253919.0,68656.0,33507.0,431423.0,South Wales
76,78749.0,11619.0,39091.0,22959.0,26366.0,385240.0,20650.0,43359.0,55529.0,100035.0,79385.0,Cwm Taf LHB,44506.0,52.9,6.6,110.6,16,27259.0,2015/2016,75895.0,254648.0,72437.0,35904.0,438884.0,South Wales
77,82090.0,12349.0,41054.0,23877.0,28008.0,394268.0,20408.0,46577.0,58364.0,105288.0,79519.0,Cwm Taf LHB,46922.0,53.186004000000004,7.044549425,101.7405435,17,27420.0,2016/2017,76581.0,255259.0,72978.0,36483.0,441301.0,South Wales
78,81116.0,12764.0,41422.0,23619.0,27222.0,374059.0,18976.0,47936.0,58354.0,105027.0,81202.0,Cwm Taf LHB,46669.0,52.7,6.5,98.9,18,25789.0,2017/2018,77273.0,255341.0,73654.0,37100.0,443368.0,South Wales
75,78296.0,11148.0,39153.0,22763.0,25958.0,404298.0,19987.0,42502.0,54796.0,99022.0,79035.0,Cwm Taf LHB,44224.0,52.9,7.0,96.7,15,27696.0,2014/2015,75511.0,254355.0,71830.0,35518.0,437214.0,South Wales
70,82303.0,10587.0,42263.0,21193.0,23851.0,425268.0,19985.0,41160.0,55655.0,97895.0,77910.0,Cwm Taf LHB,42240.0,51.0,7.2,61.8,10,29342.0,2009/2010,75597.0,254780.0,67339.0,32966.0,430682.0,South Wales
79,82128.0,12795.0,42003.0,24409.0,26728.0,365393.0,19106.0,49429.0,58375.0,105935.0,82216.0,Cwm Taf LHB,47550.0,52.5,6.2,87.3,19,25311.0,2018/2019,77704.0,255061.0,74611.0,37814.0,445190.0,South Wales
68,44743.0,5460.0,24030.0,12236.0,13143.0,263717.0,10932.0,20462.0,31252.0,54869.0,43937.0,Cwm Taf LHB,23617.0,52.0,8.1,82.6,8,17771.0,2007/2008,76121.0,255162.0,63892.0,32418.0,427593.0,South Wales
60,41079.0,5202.0,20081.0,10278.0,11609.0,265090.0,6739.0,20513.0,27197.0,47351.0,40609.0,Cwm Taf LHB,20047.0,51.0,7.7,113.0,0,9817.0,1999/2000,83002.0,246633.0,58253.0,24165.0,412053.0,South Wales
61,41696.0,5328.0,21062.0,9954.0,11277.0,239655.0,8655.0,18804.0,27462.0,47900.0,39221.0,Cwm Taf LHB,20415.0,50.0,7.3,129.0,1,10851.0,2000/2001,81687.0,245981.0,57824.0,24338.0,409830.0,South Wales
62,41599.0,5691.0,21687.0,10659.0,12133.0,239443.0,8788.0,19903.0,28306.0,50170.0,41327.0,Cwm Taf LHB,21864.0,51.0,7.2,113.0,2,9618.0,2001/2002,80822.0,246275.0,57825.0,31930.0,416852.0,South Wales
63,37579.0,4938.0,19981.0,9684.0,11774.0,249853.0,6020.0,17882.0,26861.0,46381.0,40342.0,Cwm Taf LHB,19520.0,51.0,7.8,105.0,3,9868.0,2002/2003,79524.0,247785.0,58209.0,32014.0,417532.0,South Wales
69,82023.0,10921.0,43111.0,20848.0,23208.0,454232.0,19083.0,41808.0,55610.0,98088.0,78986.0,Cwm Taf LHB,42478.0,51.0,7.5,68.5,9,29069.0,2008/2009,76025.0,255101.0,65817.0,32644.0,429587.0,South Wales
65,38384.0,4867.0,20077.0,9328.0,11377.0,253424.0,4903.0,19249.0,26668.0,45649.0,40746.0,Cwm Taf LHB,18981.0,51.0,7.6,133.0,5,8015.0,2004/2005,78077.0,251788.0,60192.0,31881.0,421938.0,South Wales
66,39407.0,5065.0,20343.0,9405.0,11734.0,255840.0,6267.0,19109.0,27254.0,46547.0,40280.0,Cwm Taf LHB,19293.0,51.0,7.8999999999999995,99.0,6,11057.0,2005/2006,77451.0,252975.0,60827.0,31969.0,423222.0,South Wales
67,40612.0,5277.0,21335.0,10498.0,12736.0,253078.0,6542.0,20868.0,28324.0,49847.0,43305.0,Cwm Taf LHB,21523.0,52.0,7.400000000000001,82.0,7,11415.0,2006/2007,76567.0,254658.0,61810.0,32249.0,425284.0,South Wales
64,38573.0,5169.0,20083.0,9618.0,11311.0,258930.0,5620.0,18597.0,26903.0,46182.0,40525.0,Cwm Taf LHB,19279.0,51.0,7.8,119.0,4,10054.0,2003/2004,78822.0,249518.0,59160.0,31848.0,419348.0,South Wales
91,137407.0,16851.0,76872.0,39323.0,48611.0,625784.0,39239.0,71719.0,104686.0,181658.0,142419.0,Hywel Dda University Local Health Board,76971.0,53.0,6.4,82.2,11,47250.0,2010/2011,61470.0,210636.0,70974.0,37115.0,380195.0,Rest of Wales
99,105209.0,9817.0,39476.0,32696.0,37650.0,406480.0,43756.0,47001.0,63883.0,119639.0,75883.0,Hywel Dda University Local Health Board,55756.0,58.1,6.7,82.3,19,49609.0,2018/2019,61540.0,203136.0,78556.0,42383.0,385615.0,Rest of Wales
98,105742.0,9677.0,40084.0,32813.0,38176.0,396071.0,43345.0,47695.0,64772.0,120750.0,77405.0,Hywel Dda University Local Health Board,55978.0,58.2,6.4,91.8,18,51579.0,2017/2018,61187.0,203948.0,77674.0,41430.0,384239.0,Rest of Wales
97,104178.0,9889.0,40447.0,31799.0,36100.0,397926.0,41896.0,47588.0,63616.0,118238.0,76342.0,Hywel Dda University Local Health Board,54622.0,57.442886,6.396182802,102.233068,17,50127.0,2016/2017,60811.0,205716.0,76612.0,40517.0,383656.0,Rest of Wales
96,100169.0,10011.0,38968.0,29630.0,34273.0,378967.0,40452.0,44938.0,61175.0,112882.0,72430.0,Hywel Dda University Local Health Board,51706.0,56.9,6.4,98.3,16,48636.0,2015/2016,60828.0,206838.0,75486.0,39977.0,383129.0,Rest of Wales
95,96369.0,9046.0,37434.0,28121.0,32452.0,366226.0,37284.0,44993.0,58269.0,107053.0,65753.0,Hywel Dda University Local Health Board,48784.0,57.1,6.7,93.7,15,45300.0,2014/2015,60816.0,208988.0,74610.0,39513.0,383927.0,Rest of Wales
94,95844.0,8694.0,38482.0,27982.0,31230.0,372506.0,37694.0,43573.0,57552.0,106388.0,63028.0,Hywel Dda University Local Health Board,48835.0,56.8,7.1,90.6,14,46231.0,2013/2014,61137.0,210342.0,73662.0,38692.0,383833.0,Rest of Wales
93,92884.0,9207.0,37275.0,26824.0,30344.0,383223.0,34504.0,43488.0,56700.0,103651.0,63112.0,Hywel Dda University Local Health Board,46950.0,56.2,7.3,91.8,13,43137.0,2012/2013,61504.0,210942.0,72764.0,38189.0,383399.0,Rest of Wales
92,137719.0,16518.0,78680.0,39206.0,50022.0,612888.0,39512.0,67906.0,106301.0,184426.0,144914.0,Hywel Dda University Local Health Board,78124.0,53.0,6.0,83.0,12,51381.0,2011/2012,61542.0,210842.0,71860.0,37623.0,381867.0,Rest of Wales
90,138720.0,17971.0,77861.0,39017.0,47202.0,638807.0,39406.0,72195.0,103072.0,182051.0,142645.0,Hywel Dda University Local Health Board,78972.0,53.0,6.8,64.0,10,48837.0,2009/2010,61645.0,211093.0,69903.0,36410.0,379051.0,Rest of Wales
89,85492.0,6855.0,37667.0,24447.0,25269.0,411424.0,30026.0,37848.0,51912.0,94239.0,60053.0,Hywel Dda University Local Health Board,42325.0,56.0,8.1,91.0,9,39323.0,2008/2009,62272.0,211792.0,68506.0,36052.0,378622.0,Rest of Wales
88,85446.0,7411.0,39501.0,23841.0,24687.0,391082.0,27094.0,40069.0,52577.0,95441.0,62992.0,Hywel Dda University Local Health Board,42864.0,54.74693265996794,7.516000461017803,86.6107626701313,8,36006.0,2007/2008,62482.0,211937.0,66444.0,35417.0,376280.0,Rest of Wales
81,76118.0,6161.0,37266.0,19813.0,20670.0,489110.0,19681.0,37396.0,46924.0,83913.0,64136.0,Hywel Dda University Local Health Board,36989.0,53.57569148999559,8.991658026765817,147.01837617532445,1,20744.0,2000/2001,64981.0,205794.0,57095.0,24617.0,352487.0,Rest of Wales
82,77958.0,6248.0,38040.0,19844.0,21588.0,501804.0,20862.0,38929.0,47967.0,85725.0,64775.0,Hywel Dda University Local Health Board,37758.0,53.870037911927675,8.935485564304463,130.92071157771946,2,19979.0,2001/2002,65184.0,206321.0,57476.0,33146.0,362127.0,Rest of Wales
83,69943.0,5791.0,33415.0,17689.0,19669.0,446629.0,14026.0,38740.0,42601.0,76566.0,62450.0,Hywel Dda University Local Health Board,33965.0,54.02433194890683,8.472060705796306,132.04321761617427,3,19882.0,2002/2003,64754.0,207343.0,58465.0,33712.0,364274.0,Rest of Wales
80,74866.0,6385.0,36124.0,19370.0,20282.0,447479.0,18571.0,37462.0,45935.0,82161.0,63518.0,Hywel Dda University Local Health Board,36224.0,53.62271637394871,8.415767821715898,113.99121237570137,0,19014.0,1999/2000,64929.0,204304.0,56802.0,24305.0,350340.0,Rest of Wales
85,68849.0,6188.0,32929.0,17693.0,21555.0,444291.0,13161.0,38476.0,43471.0,78369.0,65114.0,Hywel Dda University Local Health Board,34897.0,54.67774247470301,7.945063736936798,136.56574666003138,5,18691.0,2004/2005,64168.0,209752.0,61291.0,34479.0,369690.0,Rest of Wales
86,69623.0,6701.0,32790.0,17928.0,21727.0,441335.0,13975.0,38491.0,44365.0,79146.0,65057.0,Hywel Dda University Local Health Board,34781.0,54.44007277689334,7.836897632223991,116.32560078841634,6,20410.0,2005/2006,63550.0,210201.0,62481.0,34686.0,370918.0,Rest of Wales
87,73216.0,7078.0,35242.0,18919.0,21679.0,426428.0,15254.0,39948.0,46091.0,82919.0,62521.0,Hywel Dda University Local Health Board,36828.0,53.46918076677239,8.226586186519375,101.9787310507845,7,22399.0,2006/2007,62945.0,211198.0,64001.0,34980.0,373124.0,Rest of Wales
84,71426.0,6149.0,33721.0,18269.0,20850.0,469169.0,14647.0,39371.0,43225.0,78994.0,64242.0,Hywel Dda University Local Health Board,35769.0,54.05861204648454,8.480854242094338,138.51063371901662,4,20685.0,2003/2004,64540.0,208465.0,59786.0,34070.0,366861.0,Rest of Wales
111,4308.0,0.0,1208.0,1036.0,2115.0,60312.0,2012.0,1240.0,2486.0,4359.0,2347.0,Powys Teaching Local Health Board,1873.0,68.0,26.5,75.0,11,2165.0,2010/2011,21264.0,70918.0,26818.0,13878.0,132878.0,Rest of Wales
118,4719.0,0.0,1479.0,1347.0,1937.0,61297.0,2941.0,488.0,2632.0,4763.0,1822.0,Powys Teaching Local Health Board,2131.0,66.8,34.4,70.4,18,3217.0,2017/2018,19884.0,67654.0,29238.0,15739.0,132515.0,Rest of Wales
117,4794.0,0.0,1421.0,1298.0,2110.0,56431.0,3003.0,423.0,2663.0,4829.0,1826.0,Powys Teaching Local Health Board,2166.0,67.325119,31.485220299999998,82.25951129,17,3233.0,2016/2017,19841.0,68067.0,28893.0,15536.0,132337.0,Rest of Wales
116,4962.0,0.0,1496.0,1380.0,2120.0,54140.0,3118.0,386.0,2832.0,4996.0,1878.0,Powys Teaching Local Health Board,2164.0,67.0,29.4,84.2,16,3360.0,2015/2016,20085.0,68776.0,28548.0,15321.0,132730.0,Rest of Wales
115,4869.0,0.0,1513.0,1294.0,2126.0,53398.0,2980.0,537.0,2817.0,4933.0,1953.0,Powys Teaching Local Health Board,2116.0,66.8,28.3,83.5,15,3129.0,2014/2015,20185.0,69143.0,28330.0,15119.0,132777.0,Rest of Wales
119,4760.0,0.0,1323.0,1365.0,2108.0,63401.0,2892.0,459.0,2675.0,4796.0,1904.0,Powys Teaching Local Health Board,2121.0,68.1,33.9,93.8,19,3124.0,2018/2019,19832.0,67007.0,29442.0,16166.0,132447.0,Rest of Wales
113,4279.0,0.0,1119.0,1098.0,2154.0,55363.0,2055.0,664.0,2553.0,4371.0,2316.0,Powys Teaching Local Health Board,1818.0,69.1,25.2,88.3,13,2250.0,2012/2013,20740.0,70206.0,27559.0,14510.0,133015.0,Rest of Wales
112,4091.0,0.0,1139.0,994.0,2028.0,55620.0,1909.0,1191.0,2350.0,4161.0,2252.0,Powys Teaching Local Health Board,1811.0,69.0,26.0,79.0,12,2079.0,2011/2012,21031.0,70705.0,27192.0,14143.0,133071.0,Rest of Wales
110,4836.0,0.0,1441.0,1132.0,2325.0,93510.0,1994.0,849.0,2818.0,4898.0,2904.0,Powys Teaching Local Health Board,2080.0,68.0,34.1,60.1,10,2391.0,2009/2010,21524.0,71706.0,26176.0,13684.0,133090.0,Rest of Wales
114,4786.0,0.0,1343.0,1257.0,2274.0,58875.0,2579.0,721.0,2714.0,4874.0,2295.0,Powys Teaching Local Health Board,2160.0,68.0,26.7,84.2,14,2730.0,2013/2014,20477.0,69594.0,27954.0,14761.0,132786.0,Rest of Wales
108,6029.0,0.0,1770.0,1353.0,3057.0,99415.0,2204.0,1466.0,3649.0,6180.0,3976.0,Powys Teaching Local Health Board,2531.0,68.0,25.9,55.9,8,2847.0,2007/2008,21987.0,72066.0,24636.0,13293.0,131982.0,Rest of Wales
107,5247.0,1.0,1464.0,1077.0,2853.0,92246.0,1265.0,1572.0,3164.0,5395.0,4130.0,Powys Teaching Local Health Board,2231.0,69.0,28.0,53.2,7,1421.0,2006/2007,22282.0,72167.0,23525.0,13063.0,131037.0,Rest of Wales
106,5396.0,1.0,1549.0,1122.0,2893.0,105325.0,1110.0,1619.0,3286.0,5565.0,4455.0,Powys Teaching Local Health Board,2279.0,69.0,27.2,74.0,6,1291.0,2005/2006,22532.0,71917.0,22920.0,12841.0,130210.0,Rest of Wales
105,6074.0,1.0,1789.0,1194.0,3372.0,109970.0,1203.0,2058.0,3682.0,6356.0,5153.0,Powys Teaching Local Health Board,2674.0,69.0,23.199999999999996,76.0,5,1157.0,2004/2005,22712.0,71857.0,22406.0,12593.0,129568.0,Rest of Wales
104,7090.0,0.0,1949.0,1568.0,4137.0,126712.0,930.0,4363.0,4617.0,7654.0,6724.0,Powys Teaching Local Health Board,3037.0,70.0,25.1,99.0,4,1001.0,2003/2004,22794.0,71475.0,21549.0,12477.0,128295.0,Rest of Wales
103,7164.0,21.0,1944.0,1562.0,4173.0,128833.0,760.0,4672.0,4530.0,7700.0,6940.0,Powys Teaching Local Health Board,3170.0,70.0,19.6,110.0,3,973.0,2002/2003,22890.0,70999.0,20835.0,12421.0,127145.0,Rest of Wales
102,8145.0,48.0,2316.0,1801.0,4507.0,120587.0,628.0,5452.0,5312.0,8672.0,8044.0,Powys Teaching Local Health Board,3360.0,68.0,17.9,91.0,2,1035.0,2001/2002,22922.0,70875.0,20382.0,12219.0,126398.0,Rest of Wales
101,9704.0,439.0,3109.0,2086.0,4525.0,131810.0,1007.0,6092.0,6107.0,10159.0,9152.0,Powys Teaching Local Health Board,4052.0,63.0,15.7,91.0,1,1340.0,2000/2001,22836.0,71116.0,20281.0,8932.0,123165.0,Rest of Wales
100,10163.0,460.0,3337.0,2112.0,4642.0,190494.0,898.0,6485.0,6384.0,10554.0,9656.0,Powys Teaching Local Health Board,4169.0,63.0,21.4,75.0,0,1283.0,1999/2000,22896.0,71111.0,20142.0,8607.0,122756.0,Rest of Wales
109,5217.0,0.0,1625.0,1222.0,2495.0,85641.0,2158.0,1110.0,3058.0,5342.0,3184.0,Powys Teaching Local Health Board,2284.0,67.0,35.0,67.1,9,2543.0,2008/2009,21863.0,71996.0,25518.0,13488.0,132865.0,Rest of Wales
132,153086.0,13906.0,69578.0,43226.0,51822.0,702945.0,47859.0,71407.0,99552.0,178533.0,125447.0,Swansea Bay University Health Board,78975.0,56.0,7.0,91.0,12,58209.0,2011/2012,61634.0,223255.0,60698.0,32984.0,378571.0,South Wales
133,155175.0,18467.0,79307.0,43264.0,47050.0,792519.0,50530.0,66332.0,104027.0,188120.0,137590.0,Swansea Bay University Health Board,84076.0,51.5,8.0,78.3,13,64767.0,2012/2013,61584.0,223183.0,61415.0,33359.0,379541.0,South Wales
135,154310.0,18290.0,78453.0,42652.0,45753.0,728662.0,50290.0,67241.0,102674.0,185149.0,134859.0,Swansea Bay University Health Board,82475.0,52.3,7.1,104.0,15,57139.0,2014/2015,61711.0,222666.0,62809.0,34233.0,381419.0,South Wales
139,158962.0,18954.0,82872.0,44552.0,47513.0,689165.0,50455.0,70116.0,107443.0,193891.0,143436.0,Swansea Bay University Health Board,86447.0,52.3,6.5,102.2,19,56953.0,2018/2019,62954.0,225731.0,65454.0,35233.0,389372.0,South Wales
137,157500.0,19483.0,82114.0,42032.0,47112.0,752409.0,48139.0,70458.0,107030.0,190741.0,142602.0,Swansea Bay University Health Board,83711.0,51.914066,7.03835644,106.2984108,17,57260.0,2016/2017,62556.0,225000.0,64177.0,34407.0,386140.0,South Wales
138,153308.0,17967.0,79539.0,43396.0,47981.0,714206.0,47317.0,69256.0,104386.0,188886.0,141569.0,Swansea Bay University Health Board,84498.0,52.8,6.6,108.2,18,55393.0,2017/2018,62637.0,225467.0,64798.0,34668.0,387570.0,South Wales
131,149305.0,14174.0,68559.0,42205.0,50367.0,716733.0,43219.0,71917.0,97546.0,175305.0,126846.0,Swansea Bay University Health Board,77757.0,55.0,7.2,75.0,11,55188.0,2010/2011,61703.0,222484.0,60065.0,32697.0,376949.0,South Wales
136,153412.0,19258.0,80602.0,41318.0,44495.0,745129.0,47880.0,65378.0,104477.0,185673.0,137793.0,Swansea Bay University Health Board,81196.0,51.6,7.2,105.4,16,57659.0,2015/2016,62054.0,223495.0,63402.0,34311.0,383262.0,South Wales
130,153758.0,13968.0,71769.0,44025.0,52024.0,740017.0,44566.0,73691.0,100913.0,181786.0,131934.0,Swansea Bay University Health Board,80869.0,55.0,7.4,76.5,10,58850.0,2009/2010,61788.0,221697.0,59296.0,32357.0,375138.0,South Wales
134,153669.0,18171.0,79872.0,42942.0,45735.0,756591.0,50959.0,65332.0,102988.0,186750.0,135791.0,Swansea Bay University Health Board,83761.0,52.3,7.7,72.5,14,62419.0,2013/2014,61601.0,222613.0,62060.0,33701.0,379975.0,South Wales
128,155186.0,15246.0,77019.0,38831.0,40137.0,767422.0,48773.0,65805.0,94425.0,171237.0,122441.0,Swansea Bay University Health Board,76809.0,52.06698902690423,8.09215473291403,93.90820383445167,8,60744.0,2007/2008,62019.0,220575.0,56597.0,32226.0,371417.0,South Wales
127,143016.0,15392.0,71438.0,35804.0,37757.0,791916.0,24885.0,71580.0,88822.0,160405.0,135520.0,Swansea Bay University Health Board,71581.0,51.80184532901094,7.453181010567002,114.12035160998722,7,38468.0,2006/2007,62248.0,219834.0,54958.0,32076.0,369116.0,South Wales
126,140399.0,15341.0,68751.0,35401.0,37496.0,847533.0,22806.0,71043.0,86959.0,156997.0,134167.0,Swansea Bay University Health Board,70037.0,51.57600463703128,7.761602451002249,116.53598476404008,6,35029.0,2005/2006,62598.0,218120.0,54425.0,31874.0,367017.0,South Wales
125,147448.0,16552.0,71609.0,35899.0,35556.0,883887.0,28999.0,70592.0,88872.0,159627.0,130628.0,Swansea Bay University Health Board,70752.0,51.360578097690244,8.034375763498657,136.36136743783948,5,38159.0,2004/2005,62952.0,216539.0,54106.0,31723.0,365320.0,South Wales
124,142535.0,16174.0,70442.0,33434.0,33650.0,1024539.0,26383.0,66981.0,85145.0,153713.0,127330.0,Swansea Bay University Health Board,68565.0,50.55409106581747,8.643272852653972,141.4082933779186,4,31012.0,2003/2004,63006.0,214294.0,53515.0,31768.0,362583.0,South Wales
123,134265.0,14998.0,66316.0,31366.0,32707.0,848574.0,26278.0,65112.0,80762.0,145395.0,119117.0,Swansea Bay University Health Board,64633.0,50.5805495374669,8.071733553423432,121.08203170672994,3,29220.0,2002/2003,63175.0,211806.0,52967.0,31738.0,359686.0,South Wales
122,136862.0,16380.0,67482.0,30816.0,32876.0,867282.0,27151.0,67372.0,80656.0,147572.0,120421.0,Swansea Bay University Health Board,66915.0,49.97429051581601,7.915886482530561,111.54450708806549,2,29776.0,2001/2002,63783.0,209540.0,52980.0,31540.0,357843.0,South Wales
121,138904.0,17353.0,69191.0,31271.0,32545.0,831731.0,27760.0,66839.0,83331.0,150378.0,122618.0,Swansea Bay University Health Board,67047.0,49.34840202689223,7.917420101344612,123.73317905544694,1,30547.0,2000/2001,64775.0,209941.0,53370.0,23648.0,351734.0,South Wales
120,136564.0,16806.0,67987.0,31189.0,31315.0,860423.0,26425.0,65848.0,82008.0,147315.0,120890.0,Swansea Bay University Health Board,65307.0,49.00342802837457,7.8400685605674925,102.77394698435326,0,27797.0,1999/2000,65800.0,209688.0,53881.0,23678.0,353047.0,South Wales
129,158303.0,15604.0,78015.0,40099.0,40948.0,840490.0,48411.0,66798.0,96304.0,174668.0,126244.0,Swansea Bay University Health Board,78361.0,52.0,7.7,77.6,9,59228.0,2008/2009,61971.0,221192.0,58159.0,32298.0,373620.0,South Wales
151,742593.0,90118.0,371698.0,199592.0,224874.0,3925186.0,221275.0,349742.0,497554.0,886334.0,655915.0,Total,388768.0,52.0,7.6,72.3,11,279135.0,2010/2011,517758.0,1771783.0,500227.0,260203.0,3049971.0,Total
152,760763.0,85954.0,386182.0,207813.0,236450.0,3719749.0,229185.0,352371.0,514596.0,916430.0,678083.0,Total,401813.0,53.0,7.0,88.0,12,298476.0,2011/2012,518896.0,1773988.0,507184.0,263690.0,3063758.0,Total
153,749131.0,88883.0,377001.0,207847.0,237825.0,3725275.0,235797.0,343152.0,510735.0,911638.0,664552.0,Total,400873.0,52.9,7.5,86.9,13,299794.0,2012/2013,518642.0,1774087.0,513600.0,267738.0,3074067.0,Total
157,800016.0,98671.0,393798.0,221703.0,253356.0,3561109.0,257281.0,375861.0,543988.0,967581.0,693568.0,Total,423581.0,53.207736,6.778357763,95.16401609,17,309404.0,2016/2017,523183.0,1770542.0,537424.0,282001.0,3113150.0,Total
155,757589.0,90381.0,373409.0,210805.0,240327.0,3536507.0,241087.0,356304.0,511699.0,914983.0,664706.0,Total,403271.0,53.3,7.0,95.4,15,293640.0,2014/2015,519090.0,1770666.0,525981.0,276299.0,3092036.0,Total
156,776803.0,95368.0,386948.0,215807.0,244210.0,3501078.0,247637.0,359713.0,530489.0,942378.0,686931.0,Total,411872.0,53.0,6.8,96.7,16,301432.0,2015/2016,520678.0,1768713.0,531019.0,278676.0,3099086.0,Total
150,757377.0,88684.0,379838.0,200713.0,223362.0,3826738.0,229680.0,344043.0,499473.0,892655.0,653574.0,Total,393168.0,52.0,7.6,67.8,10,295339.0,2009/2010,518106.0,1772478.0,491577.0,256711.0,3038872.0,Total
154,756082.0,88388.0,379672.0,212795.0,239455.0,3606142.0,242213.0,349135.0,511695.0,920406.0,667314.0,Total,408707.0,53.3,7.2,89.1,14,300616.0,2013/2014,518745.0,1772966.0,519564.0,271137.0,3082412.0,Total
149,755559.0,78711.0,372102.0,195644.0,212916.0,3967304.0,227615.0,340673.0,480137.0,859420.0,622348.0,Total,379245.0,53.0,7.9,75.3,9,298746.0,2008/2009,520077.0,1770139.0,481065.0,254586.0,3025867.0,Total
144,633611.0,77337.0,311933.0,148736.0,174263.0,4658878.0,108634.0,331931.0,400826.0,712307.0,592912.0,Total,311456.0,51.0,8.6,158.0,4,139138.0,2003/2004,537901.0,1726221.0,428857.0,244742.0,2937721.0,Total
147,648512.0,79366.0,322820.0,160174.0,187979.0,3942635.0,120696.0,341963.0,420321.0,750357.0,624512.0,Total,330022.0,52.0,8.0,100.1,7,163272.0,2006/2007,524173.0,1760795.0,450461.0,250239.0,2985668.0,Total
146,631703.0,77831.0,314059.0,154492.0,184242.0,4216002.0,111075.0,336693.0,409761.0,730634.0,610570.0,Total,320843.0,52.0,8.3,127.0,6,148480.0,2005/2006,528929.0,1749390.0,443300.0,247690.0,2969309.0,Total
145,629279.0,76055.0,312595.0,151527.0,179313.0,4163373.0,109408.0,330838.0,404983.0,719519.0,600037.0,Total,314521.0,52.0,8.2,156.0,5,144286.0,2004/2005,533701.0,1740845.0,436777.0,246099.0,2957422.0,Total
143,612687.0,71236.0,301078.0,143509.0,165441.0,4066512.0,107223.0,325760.0,382832.0,681322.0,564042.0,Total,298379.0,51.0,8.4,139.0,3,137419.0,2002/2003,542744.0,1714596.0,421545.0,243991.0,2922876.0,Total
142,643474.0,75589.0,317641.0,150188.0,168756.0,4139884.0,131320.0,328475.0,400934.0,712252.0,569527.0,Total,311230.0,51.0,10.0,122.0,2,140511.0,2001/2002,548683.0,1701906.0,417986.0,241657.0,2910232.0,Total
141,648079.0,76737.0,322883.0,149221.0,163035.0,4149986.0,131565.0,323029.0,403101.0,712245.0,579279.0,Total,308959.0,50.0,9.7,132.0,1,152453.0,2000/2001,552483.0,1698307.0,417915.0,179993.0,2848698.0,Total
140,636527.0,74371.0,315107.0,147294.0,158580.0,4047622.0,120615.0,321665.0,394203.0,695616.0,573791.0,Total,301066.0,50.0,8.8,113.0,0,138685.0,1999/2000,557230.0,1689695.0,418324.0,178213.0,2843462.0,Total
158,799550.0,95798.0,397830.0,225355.0,259332.0,3494595.0,253382.0,383471.0,549261.0,978357.0,708117.0,Total,429078.0,53.6,6.6,95.1,18,303672.0,2017/2018,526634.0,1768307.0,543577.0,286647.0,3125165.0,Total
148,728379.0,76187.0,361689.0,187932.0,205524.0,3918243.0,212101.0,335533.0,463810.0,831338.0,609024.0,Total,367500.0,53.0,8.0,83.2,8,287494.0,2007/2008,521094.0,1766163.0,466670.0,252372.0,3006299.0,Total
159,827369.0,98884.0,409332.0,235198.0,264903.0,3458628.0,269654.0,394905.0,561199.0,1008348.0,722247.0,Total,447118.0,53.6,6.6,119.6,19,312774.0,2018/2019,529820.0,1767166.0,549187.0,292458.0,3138631.0,Total
